<?xml version="1.0" encoding="UTF-8"?>

<!DOCTYPE hibernate-mapping PUBLIC 
    "-//Hibernate/Hibernate Mapping DTD 3.0//EN"
    "http://www.hibernate.org/dtd/hibernate-mapping-3.0.dtd">
		
		<hibernate-mapping>
		
		
		<class name="com.eb.model.Stock" table="stock" catalog="April08">
		<id name="stockId" type="java.lang.Integer">
			<column name="STOCK_ID" />
			<generator class="identity" />
		</id>
		<property name="stockCode" type="string">
			<column name="STOCK_CODE" length="10" not-null="true" unique="true" />
		</property>
		<property name="stockName" type="string">
			<column name="STOCK_NAME" length="20" not-null="true" unique="true" />
		</property>
		<one-to-one name="stockDetail" class="com.eb.model.StockDetail"
			cascade="save-update"></one-to-one>
	</class>
		
		</hibernate-mapping>